TRAIN,gs://image_bucket_bdcc_1/006caaa247155f2d.jpg,Balloon
TRAIN,gs://image_bucket_bdcc_1/04ca165294dd7cc9.jpg,Balloon
TRAIN,gs://image_bucket_bdcc_1/04ce83af21e7c1ef.jpg,Balloon
TRAIN,gs://image_bucket_bdcc_1/0a53b25fdd55704b.jpg,Balloon
TRAIN,gs://image_bucket_bdcc_1/0ccbb2436b065590.jpg,Balloon
TRAIN,gs://image_bucket_bdcc_1/12e1fbcf48f4e35a.jpg,Balloon
TRAIN,gs://image_bucket_bdcc_1/17404fe8484febfa.jpg,Balloon
TRAIN,gs://image_bucket_bdcc_1/18e672debeeed02d.jpg,Balloon
TRAIN,gs://image_bucket_bdcc_1/1b0423ff9bdff2b9.jpg,Balloon
TRAIN,gs://image_bucket_bdcc_1/1cd8ccd1ad5c3457.jpg,Balloon
TRAIN,gs://image_bucket_bdcc_1/2064143438326a4b.jpg,Balloon
TRAIN,gs://image_bucket_bdcc_1/2333631da2efaeee.jpg,Balloon
TRAIN,gs://image_bucket_bdcc_1/2670f15b93e1c3dd.jpg,Balloon
TRAIN,gs://image_bucket_bdcc_1/2c78689ddfd3cda3.jpg,Balloon
TRAIN,gs://image_bucket_bdcc_1/338205d9092742f4.jpg,Balloon
TRAIN,gs://image_bucket_bdcc_1/3575853cbbd9c7d2.jpg,Balloon
TRAIN,gs://image_bucket_bdcc_1/37575826630ae5e2.jpg,Balloon
TRAIN,gs://image_bucket_bdcc_1/37de787a151088b5.jpg,Balloon
TRAIN,gs://image_bucket_bdcc_1/391b682b7bc0f99e.jpg,Balloon
TRAIN,gs://image_bucket_bdcc_1/3cedb38d74e10809.jpg,Balloon
TRAIN,gs://image_bucket_bdcc_1/3dc4783b063fa6ec.jpg,Balloon
TRAIN,gs://image_bucket_bdcc_1/3edb49dd5b8399dc.jpg,Balloon
TRAIN,gs://image_bucket_bdcc_1/4019d49ebf6b3866.jpg,Balloon
TRAIN,gs://image_bucket_bdcc_1/40e7476d18c59f3a.jpg,Balloon
TRAIN,gs://image_bucket_bdcc_1/4118e9f9ca5633d6.jpg,Balloon
TRAIN,gs://image_bucket_bdcc_1/4128ac3a90c4c02a.jpg,Balloon
TRAIN,gs://image_bucket_bdcc_1/4b7b421850783365.jpg,Balloon
TRAIN,gs://image_bucket_bdcc_1/4c491567842197fd.jpg,Balloon
TRAIN,gs://image_bucket_bdcc_1/4c4b217cc00ed3e5.jpg,Balloon
TRAIN,gs://image_bucket_bdcc_1/4d4e7c88090ba6b9.jpg,Balloon
TRAIN,gs://image_bucket_bdcc_1/4e7d92dcbf031158.jpg,Balloon
TRAIN,gs://image_bucket_bdcc_1/50bb62d664042d33.jpg,Balloon
TRAIN,gs://image_bucket_bdcc_1/51f152b015cb7dca.jpg,Balloon
TRAIN,gs://image_bucket_bdcc_1/529f691a6d0ab5f6.jpg,Balloon
TRAIN,gs://image_bucket_bdcc_1/539fa84bcc13a0bf.jpg,Balloon
TRAIN,gs://image_bucket_bdcc_1/577f5d9d071f2589.jpg,Balloon
TRAIN,gs://image_bucket_bdcc_1/60f8c1e1bf00ef2f.jpg,Balloon
TRAIN,gs://image_bucket_bdcc_1/6278b4b5166f4bac.jpg,Balloon
TRAIN,gs://image_bucket_bdcc_1/652ae6572f100bea.jpg,Balloon
TRAIN,gs://image_bucket_bdcc_1/6649665e83f1b6f5.jpg,Balloon
TRAIN,gs://image_bucket_bdcc_1/6b097fff9c0237ca.jpg,Balloon
TRAIN,gs://image_bucket_bdcc_1/6b1820dd73459e7b.jpg,Balloon
TRAIN,gs://image_bucket_bdcc_1/6fe23c0838b52e89.jpg,Balloon
TRAIN,gs://image_bucket_bdcc_1/7043b8fd9ac97e0c.jpg,Balloon
TRAIN,gs://image_bucket_bdcc_1/71fbd4e81facbcd5.jpg,Balloon
TRAIN,gs://image_bucket_bdcc_1/72641115a443953d.jpg,Balloon
TRAIN,gs://image_bucket_bdcc_1/76ca6415afeecba7.jpg,Balloon
TRAIN,gs://image_bucket_bdcc_1/76e41712939b97f2.jpg,Balloon
TRAIN,gs://image_bucket_bdcc_1/7838f76a407030a8.jpg,Balloon
TRAIN,gs://image_bucket_bdcc_1/7889ed0f372c5dc6.jpg,Balloon
TRAIN,gs://image_bucket_bdcc_1/7a781b2b9e53391e.jpg,Balloon
TRAIN,gs://image_bucket_bdcc_1/7a7ad7084b691cd6.jpg,Balloon
TRAIN,gs://image_bucket_bdcc_1/7feea3bef1305f5f.jpg,Balloon
TRAIN,gs://image_bucket_bdcc_1/842bfd89c3c749d9.jpg,Balloon
TRAIN,gs://image_bucket_bdcc_1/86e1bb5fd1a4fffa.jpg,Balloon
TRAIN,gs://image_bucket_bdcc_1/8aa203042a47df0d.jpg,Balloon
TRAIN,gs://image_bucket_bdcc_1/8de8fe0489285c32.jpg,Balloon
TRAIN,gs://image_bucket_bdcc_1/8f18424401165381.jpg,Balloon
TRAIN,gs://image_bucket_bdcc_1/91d9c4be06d28ffa.jpg,Balloon
TRAIN,gs://image_bucket_bdcc_1/9445ab583aa628f7.jpg,Balloon
TRAIN,gs://image_bucket_bdcc_1/9a63230114543e82.jpg,Balloon
TRAIN,gs://image_bucket_bdcc_1/9a9707f056a8788f.jpg,Balloon
TRAIN,gs://image_bucket_bdcc_1/9b6ebc4c87169b9d.jpg,Balloon
TRAIN,gs://image_bucket_bdcc_1/9c1180a3a449cd81.jpg,Balloon
TRAIN,gs://image_bucket_bdcc_1/9c2ad79335ca7fb6.jpg,Balloon
TRAIN,gs://image_bucket_bdcc_1/9dd2211a741c5a69.jpg,Balloon
TRAIN,gs://image_bucket_bdcc_1/a0405a9175efcedb.jpg,Balloon
TRAIN,gs://image_bucket_bdcc_1/a089d1bfc060fe7d.jpg,Balloon
TRAIN,gs://image_bucket_bdcc_1/a2ef39459ba43260.jpg,Balloon
TRAIN,gs://image_bucket_bdcc_1/a66baff86b56c011.jpg,Balloon
TRAIN,gs://image_bucket_bdcc_1/a7167bca83673185.jpg,Balloon
TRAIN,gs://image_bucket_bdcc_1/a74d579da4fa3e0d.jpg,Balloon
TRAIN,gs://image_bucket_bdcc_1/aa072f3e601afaa7.jpg,Balloon
TRAIN,gs://image_bucket_bdcc_1/af4d3200bee93f08.jpg,Balloon
TRAIN,gs://image_bucket_bdcc_1/b48a820edd7c9f0e.jpg,Balloon
TRAIN,gs://image_bucket_bdcc_1/b4b05b328eb0aff9.jpg,Balloon
TRAIN,gs://image_bucket_bdcc_1/b509ee7822be19cd.jpg,Balloon
TRAIN,gs://image_bucket_bdcc_1/b755836a8af2024b.jpg,Balloon
TRAIN,gs://image_bucket_bdcc_1/b81fb4966cd39f06.jpg,Balloon
TRAIN,gs://image_bucket_bdcc_1/bb1455d9c4c51666.jpg,Balloon
VALIDATION,gs://image_bucket_bdcc_1/bb7d92f02c617683.jpg,Balloon
VALIDATION,gs://image_bucket_bdcc_1/bdd45b31398716c6.jpg,Balloon
VALIDATION,gs://image_bucket_bdcc_1/be7140a2c9276434.jpg,Balloon
VALIDATION,gs://image_bucket_bdcc_1/c03935c57ce52fb8.jpg,Balloon
VALIDATION,gs://image_bucket_bdcc_1/c2df2a4c6f121441.jpg,Balloon
VALIDATION,gs://image_bucket_bdcc_1/c3201fa4e09f5efe.jpg,Balloon
VALIDATION,gs://image_bucket_bdcc_1/c3d9ec5f54c7b974.jpg,Balloon
VALIDATION,gs://image_bucket_bdcc_1/c4769b70bac02675.jpg,Balloon
VALIDATION,gs://image_bucket_bdcc_1/c909704c360c3d48.jpg,Balloon
VALIDATION,gs://image_bucket_bdcc_1/cb51875ff01dde6e.jpg,Balloon
TEST,gs://image_bucket_bdcc_1/ce7d10cc3f42295f.jpg,Balloon
TEST,gs://image_bucket_bdcc_1/cf75094e898f969b.jpg,Balloon
TEST,gs://image_bucket_bdcc_1/cf992ddbbb812807.jpg,Balloon
TEST,gs://image_bucket_bdcc_1/d64caee974f7ee9d.jpg,Balloon
TEST,gs://image_bucket_bdcc_1/d77f309ad58d435f.jpg,Balloon
TEST,gs://image_bucket_bdcc_1/d9d8963a9ebc888d.jpg,Balloon
TEST,gs://image_bucket_bdcc_1/e168ec002f4337a8.jpg,Balloon
TEST,gs://image_bucket_bdcc_1/e1a2f9927ed71a90.jpg,Balloon
TEST,gs://image_bucket_bdcc_1/e3351ab96264227b.jpg,Balloon
TEST,gs://image_bucket_bdcc_1/e5872da8a592295b.jpg,Balloon
TRAIN,gs://image_bucket_bdcc_1/0217075c2ac7e126.jpg,Tent
TRAIN,gs://image_bucket_bdcc_1/04332abb4e4ea1ea.jpg,Tent
TRAIN,gs://image_bucket_bdcc_1/0514285123db0674.jpg,Tent
TRAIN,gs://image_bucket_bdcc_1/0a9907793b8b46ba.jpg,Tent
TRAIN,gs://image_bucket_bdcc_1/0ee8b8f4191442a8.jpg,Tent
TRAIN,gs://image_bucket_bdcc_1/10846d32981d30e6.jpg,Tent
TRAIN,gs://image_bucket_bdcc_1/11ffa1b958cfaba0.jpg,Tent
TRAIN,gs://image_bucket_bdcc_1/138fb632e5b26e65.jpg,Tent
TRAIN,gs://image_bucket_bdcc_1/17b25c049c3b7bc0.jpg,Tent
TRAIN,gs://image_bucket_bdcc_1/1845e3e71e482d62.jpg,Tent
TRAIN,gs://image_bucket_bdcc_1/18df11f8d873ed99.jpg,Tent
TRAIN,gs://image_bucket_bdcc_1/1bed60f1b9c14c26.jpg,Tent
TRAIN,gs://image_bucket_bdcc_1/1da98e19aa435581.jpg,Tent
TRAIN,gs://image_bucket_bdcc_1/1f57f44a6da72668.jpg,Tent
TRAIN,gs://image_bucket_bdcc_1/1fa24b13f85436dc.jpg,Tent
TRAIN,gs://image_bucket_bdcc_1/2097461d503dc75c.jpg,Tent
TRAIN,gs://image_bucket_bdcc_1/2480215a906d6046.jpg,Tent
TRAIN,gs://image_bucket_bdcc_1/257f8f7aeec7cbfa.jpg,Tent
TRAIN,gs://image_bucket_bdcc_1/2aff6156c1e14b63.jpg,Tent
TRAIN,gs://image_bucket_bdcc_1/2b361c97a4ed152a.jpg,Tent
TRAIN,gs://image_bucket_bdcc_1/2b6163cadbb675e9.jpg,Tent
TRAIN,gs://image_bucket_bdcc_1/2bd27bee989895b3.jpg,Tent
TRAIN,gs://image_bucket_bdcc_1/341cbf464b968751.jpg,Tent
TRAIN,gs://image_bucket_bdcc_1/341da8965e6f488c.jpg,Tent
TRAIN,gs://image_bucket_bdcc_1/344d7927697f027d.jpg,Tent
TRAIN,gs://image_bucket_bdcc_1/35fe488e37374282.jpg,Tent
TRAIN,gs://image_bucket_bdcc_1/361eca39a55beeca.jpg,Tent
TRAIN,gs://image_bucket_bdcc_1/36e04defc2faa80a.jpg,Tent
TRAIN,gs://image_bucket_bdcc_1/3700805c4e3a6055.jpg,Tent
TRAIN,gs://image_bucket_bdcc_1/38ab84ad88c13a26.jpg,Tent
TRAIN,gs://image_bucket_bdcc_1/39a8dd4b31c2a7bf.jpg,Tent
TRAIN,gs://image_bucket_bdcc_1/3f9c9abc198960c2.jpg,Tent
TRAIN,gs://image_bucket_bdcc_1/410a41c7f8d8e4d4.jpg,Tent
TRAIN,gs://image_bucket_bdcc_1/41f318b186a418cc.jpg,Tent
TRAIN,gs://image_bucket_bdcc_1/4592015e95b04146.jpg,Tent
TRAIN,gs://image_bucket_bdcc_1/47fa6296ca0843c9.jpg,Tent
TRAIN,gs://image_bucket_bdcc_1/4b8ec92838d3d391.jpg,Tent
TRAIN,gs://image_bucket_bdcc_1/4dbd39bfa9ad9a45.jpg,Tent
TRAIN,gs://image_bucket_bdcc_1/4ee1213b0bc2774a.jpg,Tent
TRAIN,gs://image_bucket_bdcc_1/535717f595050297.jpg,Tent
TRAIN,gs://image_bucket_bdcc_1/54209bda90cff9d7.jpg,Tent
TRAIN,gs://image_bucket_bdcc_1/582b9bb1a75d2aeb.jpg,Tent
TRAIN,gs://image_bucket_bdcc_1/5a0b2f337983d87b.jpg,Tent
TRAIN,gs://image_bucket_bdcc_1/5aa7e17e33ceb21a.jpg,Tent
TRAIN,gs://image_bucket_bdcc_1/5d88716ff4a7b6f0.jpg,Tent
TRAIN,gs://image_bucket_bdcc_1/607548100f0bef5b.jpg,Tent
TRAIN,gs://image_bucket_bdcc_1/63b08257afde3f4f.jpg,Tent
TRAIN,gs://image_bucket_bdcc_1/6531203bcdf2f264.jpg,Tent
TRAIN,gs://image_bucket_bdcc_1/6584845a1540a997.jpg,Tent
TRAIN,gs://image_bucket_bdcc_1/65b5b7e7e5cddd26.jpg,Tent
TRAIN,gs://image_bucket_bdcc_1/66971d46b0209da9.jpg,Tent
TRAIN,gs://image_bucket_bdcc_1/6b71da72d6722c1d.jpg,Tent
TRAIN,gs://image_bucket_bdcc_1/6d99875dd249ee86.jpg,Tent
TRAIN,gs://image_bucket_bdcc_1/6f5a572777c07524.jpg,Tent
TRAIN,gs://image_bucket_bdcc_1/7106af01c347c216.jpg,Tent
TRAIN,gs://image_bucket_bdcc_1/71301f34672459c6.jpg,Tent
TRAIN,gs://image_bucket_bdcc_1/77be248254ea4f5a.jpg,Tent
TRAIN,gs://image_bucket_bdcc_1/79a004257ffcda96.jpg,Tent
TRAIN,gs://image_bucket_bdcc_1/79a633f1b367125f.jpg,Tent
TRAIN,gs://image_bucket_bdcc_1/839324cc4601a6b5.jpg,Tent
TRAIN,gs://image_bucket_bdcc_1/844702d7c8fedfbd.jpg,Tent
TRAIN,gs://image_bucket_bdcc_1/8c10c485bbf26043.jpg,Tent
TRAIN,gs://image_bucket_bdcc_1/8c28b103a38c9745.jpg,Tent
TRAIN,gs://image_bucket_bdcc_1/92bafe6e64a5a228.jpg,Tent
TRAIN,gs://image_bucket_bdcc_1/92f8c9406d4e7da8.jpg,Tent
TRAIN,gs://image_bucket_bdcc_1/9451219cc7af69fd.jpg,Tent
TRAIN,gs://image_bucket_bdcc_1/966ba82438849c46.jpg,Tent
TRAIN,gs://image_bucket_bdcc_1/98d96739d99514f7.jpg,Tent
TRAIN,gs://image_bucket_bdcc_1/9b958bc8a82146b0.jpg,Tent
TRAIN,gs://image_bucket_bdcc_1/9bea62001f89ed26.jpg,Tent
TRAIN,gs://image_bucket_bdcc_1/a04f50074e4dcdee.jpg,Tent
TRAIN,gs://image_bucket_bdcc_1/a4c951fbe7d227ea.jpg,Tent
TRAIN,gs://image_bucket_bdcc_1/a6d5943ac365c899.jpg,Tent
TRAIN,gs://image_bucket_bdcc_1/a9fd57053610fd97.jpg,Tent
TRAIN,gs://image_bucket_bdcc_1/ab00560baebfa993.jpg,Tent
TRAIN,gs://image_bucket_bdcc_1/ae55cc4007d6f073.jpg,Tent
TRAIN,gs://image_bucket_bdcc_1/aea3949c50c16ea8.jpg,Tent
TRAIN,gs://image_bucket_bdcc_1/b39daa137f223a4a.jpg,Tent
TRAIN,gs://image_bucket_bdcc_1/b3f36c233504690f.jpg,Tent
TRAIN,gs://image_bucket_bdcc_1/b5ba6c60f3dfc803.jpg,Tent
VALIDATION,gs://image_bucket_bdcc_1/b6c2b0f45306bb2e.jpg,Tent
VALIDATION,gs://image_bucket_bdcc_1/bd5cf12c857e2a59.jpg,Tent
VALIDATION,gs://image_bucket_bdcc_1/be16d123e675d851.jpg,Tent
VALIDATION,gs://image_bucket_bdcc_1/bf5ec7fe569f1526.jpg,Tent
VALIDATION,gs://image_bucket_bdcc_1/bfe2c20a289ab9e1.jpg,Tent
VALIDATION,gs://image_bucket_bdcc_1/c60cfeaa93e80516.jpg,Tent
VALIDATION,gs://image_bucket_bdcc_1/c846722c30798305.jpg,Tent
VALIDATION,gs://image_bucket_bdcc_1/c9f9675548a18db1.jpg,Tent
VALIDATION,gs://image_bucket_bdcc_1/cb623b76673179eb.jpg,Tent
VALIDATION,gs://image_bucket_bdcc_1/cdb0ae5878faaf81.jpg,Tent
TEST,gs://image_bucket_bdcc_1/d0f48cdf4ec51fdd.jpg,Tent
TEST,gs://image_bucket_bdcc_1/d654ca534346b258.jpg,Tent
TEST,gs://image_bucket_bdcc_1/d976b5fc4f78f816.jpg,Tent
TEST,gs://image_bucket_bdcc_1/db26ec57f47c0f9e.jpg,Tent
TEST,gs://image_bucket_bdcc_1/dc9da4e096dd0813.jpg,Tent
TEST,gs://image_bucket_bdcc_1/e0f0a1bf5830dcd6.jpg,Tent
TEST,gs://image_bucket_bdcc_1/e88ba9751d336dda.jpg,Tent
TEST,gs://image_bucket_bdcc_1/e9fc3e21fdcd8845.jpg,Tent
TEST,gs://image_bucket_bdcc_1/ea2ee8d9c4588315.jpg,Tent
TEST,gs://image_bucket_bdcc_1/ee8f37031ae6179f.jpg,Tent
TRAIN,gs://image_bucket_bdcc_1/0085a07ab001e27c.jpg,Bagel
TRAIN,gs://image_bucket_bdcc_1/00d7e7864bbb393f.jpg,Bagel
TRAIN,gs://image_bucket_bdcc_1/02bb525e1127397c.jpg,Bagel
TRAIN,gs://image_bucket_bdcc_1/0417970f2fddc62b.jpg,Bagel
TRAIN,gs://image_bucket_bdcc_1/050e9d0a85a62229.jpg,Bagel
TRAIN,gs://image_bucket_bdcc_1/06adc7aa31a40bbd.jpg,Bagel
TRAIN,gs://image_bucket_bdcc_1/097e8b3aa7e2d684.jpg,Bagel
TRAIN,gs://image_bucket_bdcc_1/0b54b8f50d538630.jpg,Bagel
TRAIN,gs://image_bucket_bdcc_1/0c8003e1cea85968.jpg,Bagel
TRAIN,gs://image_bucket_bdcc_1/0e656d2824b32f45.jpg,Bagel
TRAIN,gs://image_bucket_bdcc_1/114456bfa90260a6.jpg,Bagel
TRAIN,gs://image_bucket_bdcc_1/163a2f10d29a51c6.jpg,Bagel
TRAIN,gs://image_bucket_bdcc_1/186cedc2546345e5.jpg,Bagel
TRAIN,gs://image_bucket_bdcc_1/193739b5a10da2bf.jpg,Bagel
TRAIN,gs://image_bucket_bdcc_1/19dafaafd3871918.jpg,Bagel
TRAIN,gs://image_bucket_bdcc_1/1ac65186db3efb49.jpg,Bagel
TRAIN,gs://image_bucket_bdcc_1/215b1b7b97bf0120.jpg,Bagel
TRAIN,gs://image_bucket_bdcc_1/259938cc23c6a128.jpg,Bagel
TRAIN,gs://image_bucket_bdcc_1/2660a170587afc7e.jpg,Bagel
TRAIN,gs://image_bucket_bdcc_1/309230952616a45f.jpg,Bagel
TRAIN,gs://image_bucket_bdcc_1/3430c3b375ede35a.jpg,Bagel
TRAIN,gs://image_bucket_bdcc_1/34d0279738eebd96.jpg,Bagel
TRAIN,gs://image_bucket_bdcc_1/37f1450a449c17b8.jpg,Bagel
TRAIN,gs://image_bucket_bdcc_1/3827da6c70b11b8d.jpg,Bagel
TRAIN,gs://image_bucket_bdcc_1/3d15f6ba3eb29d20.jpg,Bagel
TRAIN,gs://image_bucket_bdcc_1/3eefd4f70411c4b6.jpg,Bagel
TRAIN,gs://image_bucket_bdcc_1/48e12511ffc3e336.jpg,Bagel
TRAIN,gs://image_bucket_bdcc_1/48f3db503f5f720e.jpg,Bagel
TRAIN,gs://image_bucket_bdcc_1/4911128fbb1cc164.jpg,Bagel
TRAIN,gs://image_bucket_bdcc_1/4b1c142bb779f053.jpg,Bagel
TRAIN,gs://image_bucket_bdcc_1/4ef5006344041d22.jpg,Bagel
TRAIN,gs://image_bucket_bdcc_1/4f50a4ee0ad5d24d.jpg,Bagel
TRAIN,gs://image_bucket_bdcc_1/53727d1a8d90974a.jpg,Bagel
TRAIN,gs://image_bucket_bdcc_1/53ac2f214deac4a1.jpg,Bagel
TRAIN,gs://image_bucket_bdcc_1/577d5f25d6ae65cd.jpg,Bagel
TRAIN,gs://image_bucket_bdcc_1/5a6f636091572af6.jpg,Bagel
TRAIN,gs://image_bucket_bdcc_1/5c1c24180c96272f.jpg,Bagel
TRAIN,gs://image_bucket_bdcc_1/5e29f022ac9d8b1d.jpg,Bagel
TRAIN,gs://image_bucket_bdcc_1/60f4520d11aba3db.jpg,Bagel
TRAIN,gs://image_bucket_bdcc_1/6432289be9c00e35.jpg,Bagel
TRAIN,gs://image_bucket_bdcc_1/67f99af5b2151686.jpg,Bagel
TRAIN,gs://image_bucket_bdcc_1/6818afe6b9f7569b.jpg,Bagel
TRAIN,gs://image_bucket_bdcc_1/686906eed2c6c03b.jpg,Bagel
TRAIN,gs://image_bucket_bdcc_1/6ab09b73fe480977.jpg,Bagel
TRAIN,gs://image_bucket_bdcc_1/7082ac4f4a29f390.jpg,Bagel
TRAIN,gs://image_bucket_bdcc_1/709688f291b8dda3.jpg,Bagel
TRAIN,gs://image_bucket_bdcc_1/7904fa8049789dc8.jpg,Bagel
TRAIN,gs://image_bucket_bdcc_1/7a38cdc345595686.jpg,Bagel
TRAIN,gs://image_bucket_bdcc_1/7cc8cd2ad0884913.jpg,Bagel
TRAIN,gs://image_bucket_bdcc_1/8498bd6c886a8bee.jpg,Bagel
TRAIN,gs://image_bucket_bdcc_1/84ec0dce9dc89c90.jpg,Bagel
TRAIN,gs://image_bucket_bdcc_1/893d55db1ea4fab7.jpg,Bagel
TRAIN,gs://image_bucket_bdcc_1/89f6cc001395002d.jpg,Bagel
TRAIN,gs://image_bucket_bdcc_1/9029e6c5f0eb155b.jpg,Bagel
TRAIN,gs://image_bucket_bdcc_1/912f51d07ea7bcc4.jpg,Bagel
TRAIN,gs://image_bucket_bdcc_1/9211dd34b604c10a.jpg,Bagel
TRAIN,gs://image_bucket_bdcc_1/93aa41c300dd9eb9.jpg,Bagel
TRAIN,gs://image_bucket_bdcc_1/9497511c7e56ad0c.jpg,Bagel
TRAIN,gs://image_bucket_bdcc_1/96c80dc651d431fa.jpg,Bagel
TRAIN,gs://image_bucket_bdcc_1/9840be8c59cac83b.jpg,Bagel
TRAIN,gs://image_bucket_bdcc_1/9b7de37af1520f3c.jpg,Bagel
TRAIN,gs://image_bucket_bdcc_1/a009ab7a53d424f2.jpg,Bagel
TRAIN,gs://image_bucket_bdcc_1/a2e0a6987171833f.jpg,Bagel
TRAIN,gs://image_bucket_bdcc_1/a2fae04d8953211e.jpg,Bagel
TRAIN,gs://image_bucket_bdcc_1/a52250eeb6df61de.jpg,Bagel
TRAIN,gs://image_bucket_bdcc_1/a662af3ca988ce23.jpg,Bagel
TRAIN,gs://image_bucket_bdcc_1/a671ac2c03c54714.jpg,Bagel
TRAIN,gs://image_bucket_bdcc_1/a84cd36608cb8665.jpg,Bagel
TRAIN,gs://image_bucket_bdcc_1/ac5a9f87ff62a044.jpg,Bagel
TRAIN,gs://image_bucket_bdcc_1/ad05f1d529c7edca.jpg,Bagel
TRAIN,gs://image_bucket_bdcc_1/b3df9e24952573ea.jpg,Bagel
TRAIN,gs://image_bucket_bdcc_1/b5e87ceb5488b190.jpg,Bagel
TRAIN,gs://image_bucket_bdcc_1/bda610f7d590d19c.jpg,Bagel
TRAIN,gs://image_bucket_bdcc_1/bde4a9e0fc2a09c1.jpg,Bagel
TRAIN,gs://image_bucket_bdcc_1/bfd87141146e1268.jpg,Bagel
TRAIN,gs://image_bucket_bdcc_1/c34c317b12290dae.jpg,Bagel
TRAIN,gs://image_bucket_bdcc_1/c46e9d35b4ec182d.jpg,Bagel
TRAIN,gs://image_bucket_bdcc_1/c4ee1f7d62b0adaf.jpg,Bagel
TRAIN,gs://image_bucket_bdcc_1/c555f3be21018157.jpg,Bagel
TRAIN,gs://image_bucket_bdcc_1/c5d2085f8accd9c9.jpg,Bagel
VALIDATION,gs://image_bucket_bdcc_1/c712260017419cc2.jpg,Bagel
VALIDATION,gs://image_bucket_bdcc_1/c84805234292591e.jpg,Bagel
VALIDATION,gs://image_bucket_bdcc_1/c8c411057b7f2e47.jpg,Bagel
VALIDATION,gs://image_bucket_bdcc_1/c9af5e3d26ef8bf0.jpg,Bagel
VALIDATION,gs://image_bucket_bdcc_1/ca428a094fb9802a.jpg,Bagel
VALIDATION,gs://image_bucket_bdcc_1/cb45045daeb7c4cb.jpg,Bagel
VALIDATION,gs://image_bucket_bdcc_1/cbe46e9e005fb7b6.jpg,Bagel
VALIDATION,gs://image_bucket_bdcc_1/d25e5647ba2074dc.jpg,Bagel
VALIDATION,gs://image_bucket_bdcc_1/d2a1824b207a636a.jpg,Bagel
VALIDATION,gs://image_bucket_bdcc_1/d2b891a3d42a3195.jpg,Bagel
TEST,gs://image_bucket_bdcc_1/d3e3d95c9b3f604a.jpg,Bagel
TEST,gs://image_bucket_bdcc_1/d90f603d5dd101ca.jpg,Bagel
TEST,gs://image_bucket_bdcc_1/dda3d79386a4b10a.jpg,Bagel
TEST,gs://image_bucket_bdcc_1/dfaa5ac184b35716.jpg,Bagel
TEST,gs://image_bucket_bdcc_1/e16d9f29e2462eea.jpg,Bagel
TEST,gs://image_bucket_bdcc_1/e545de839772ae75.jpg,Bagel
TEST,gs://image_bucket_bdcc_1/e9150f9baea3d965.jpg,Bagel
TEST,gs://image_bucket_bdcc_1/e9f13e8e5b115dd2.jpg,Bagel
TEST,gs://image_bucket_bdcc_1/eaa6c9823b0d8979.jpg,Bagel
TEST,gs://image_bucket_bdcc_1/ed78f159d85d780a.jpg,Bagel
TRAIN,gs://image_bucket_bdcc_1/013e75c696c928e8.jpg,Saxophone
TRAIN,gs://image_bucket_bdcc_1/02189732264c9d0d.jpg,Saxophone
TRAIN,gs://image_bucket_bdcc_1/027b59daf7d1f4a1.jpg,Saxophone
TRAIN,gs://image_bucket_bdcc_1/06c2bd3083b46f1e.jpg,Saxophone
TRAIN,gs://image_bucket_bdcc_1/07937478d93ef686.jpg,Saxophone
TRAIN,gs://image_bucket_bdcc_1/07ec4ed9ae660d12.jpg,Saxophone
TRAIN,gs://image_bucket_bdcc_1/0b28cf427db1f90f.jpg,Saxophone
TRAIN,gs://image_bucket_bdcc_1/0b93e142e8a2742c.jpg,Saxophone
TRAIN,gs://image_bucket_bdcc_1/12c4537e10e0f1f3.jpg,Saxophone
TRAIN,gs://image_bucket_bdcc_1/12f025f339decf6b.jpg,Saxophone
TRAIN,gs://image_bucket_bdcc_1/178886c89fcd87d5.jpg,Saxophone
TRAIN,gs://image_bucket_bdcc_1/19e46a3441e5b141.jpg,Saxophone
TRAIN,gs://image_bucket_bdcc_1/1a41fdbf88f26b58.jpg,Saxophone
TRAIN,gs://image_bucket_bdcc_1/1b236cde37307e6a.jpg,Saxophone
TRAIN,gs://image_bucket_bdcc_1/1c090df2d69ed603.jpg,Saxophone
TRAIN,gs://image_bucket_bdcc_1/1caa4c7e76d166b3.jpg,Saxophone
TRAIN,gs://image_bucket_bdcc_1/1d2e118c43a996e8.jpg,Saxophone
TRAIN,gs://image_bucket_bdcc_1/1d7026d94c78dcc7.jpg,Saxophone
TRAIN,gs://image_bucket_bdcc_1/242b17356385df17.jpg,Saxophone
TRAIN,gs://image_bucket_bdcc_1/24e3238659562ce3.jpg,Saxophone
TRAIN,gs://image_bucket_bdcc_1/25fbbb5459929bc3.jpg,Saxophone
TRAIN,gs://image_bucket_bdcc_1/287a0ccfa93ad499.jpg,Saxophone
TRAIN,gs://image_bucket_bdcc_1/29fb2071f7eade3b.jpg,Saxophone
TRAIN,gs://image_bucket_bdcc_1/324e8855390bc35d.jpg,Saxophone
TRAIN,gs://image_bucket_bdcc_1/329cf80dffcb43d9.jpg,Saxophone
TRAIN,gs://image_bucket_bdcc_1/32d382647dbefab0.jpg,Saxophone
TRAIN,gs://image_bucket_bdcc_1/36bd906d1ed455ac.jpg,Saxophone
TRAIN,gs://image_bucket_bdcc_1/37b2fae346eaa12c.jpg,Saxophone
TRAIN,gs://image_bucket_bdcc_1/382671f6cc505a22.jpg,Saxophone
TRAIN,gs://image_bucket_bdcc_1/3a992fe19a58dc61.jpg,Saxophone
TRAIN,gs://image_bucket_bdcc_1/3cd741b8d45a2f53.jpg,Saxophone
TRAIN,gs://image_bucket_bdcc_1/3d7d06240ec2ea6a.jpg,Saxophone
TRAIN,gs://image_bucket_bdcc_1/47fc65ca97e156db.jpg,Saxophone
TRAIN,gs://image_bucket_bdcc_1/4894bf92d1aeb024.jpg,Saxophone
TRAIN,gs://image_bucket_bdcc_1/48ba1d20a3d27e48.jpg,Saxophone
TRAIN,gs://image_bucket_bdcc_1/49d9590f60056c84.jpg,Saxophone
TRAIN,gs://image_bucket_bdcc_1/4dc147931c9d6df3.jpg,Saxophone
TRAIN,gs://image_bucket_bdcc_1/4e978d5e91f3f729.jpg,Saxophone
TRAIN,gs://image_bucket_bdcc_1/50e829459a9e639f.jpg,Saxophone
TRAIN,gs://image_bucket_bdcc_1/512740ff99fa5a80.jpg,Saxophone
TRAIN,gs://image_bucket_bdcc_1/552117413588d300.jpg,Saxophone
TRAIN,gs://image_bucket_bdcc_1/566c3ee7a0a1d856.jpg,Saxophone
TRAIN,gs://image_bucket_bdcc_1/5b9067ad09bfcff6.jpg,Saxophone
TRAIN,gs://image_bucket_bdcc_1/6256836f01f444bb.jpg,Saxophone
TRAIN,gs://image_bucket_bdcc_1/62cb07ec11d37f08.jpg,Saxophone
TRAIN,gs://image_bucket_bdcc_1/6584094e9f134656.jpg,Saxophone
TRAIN,gs://image_bucket_bdcc_1/66563d681a539862.jpg,Saxophone
TRAIN,gs://image_bucket_bdcc_1/67242264c2976357.jpg,Saxophone
TRAIN,gs://image_bucket_bdcc_1/6b99760f0923ea9a.jpg,Saxophone
TRAIN,gs://image_bucket_bdcc_1/6eaf4c0a08ee5f23.jpg,Saxophone
TRAIN,gs://image_bucket_bdcc_1/71087068bb0e70a4.jpg,Saxophone
TRAIN,gs://image_bucket_bdcc_1/7a1bcae1616c7dec.jpg,Saxophone
TRAIN,gs://image_bucket_bdcc_1/80c30a7079601180.jpg,Saxophone
TRAIN,gs://image_bucket_bdcc_1/82b02bfd724dfa66.jpg,Saxophone
TRAIN,gs://image_bucket_bdcc_1/85d3a73ee08a529e.jpg,Saxophone
TRAIN,gs://image_bucket_bdcc_1/86e5f56b39eb2946.jpg,Saxophone
TRAIN,gs://image_bucket_bdcc_1/87cbff866e3f1ca8.jpg,Saxophone
TRAIN,gs://image_bucket_bdcc_1/8953b80a2f51141e.jpg,Saxophone
TRAIN,gs://image_bucket_bdcc_1/8ab1bdfd3e3d4ee2.jpg,Saxophone
TRAIN,gs://image_bucket_bdcc_1/8f868733486290c2.jpg,Saxophone
TRAIN,gs://image_bucket_bdcc_1/90383ca31571eb59.jpg,Saxophone
TRAIN,gs://image_bucket_bdcc_1/966c4ad014927a33.jpg,Saxophone
TRAIN,gs://image_bucket_bdcc_1/975cec0b97e88adf.jpg,Saxophone
TRAIN,gs://image_bucket_bdcc_1/9fc1ee91675e72b2.jpg,Saxophone
TRAIN,gs://image_bucket_bdcc_1/a096acdbd71a0a3b.jpg,Saxophone
TRAIN,gs://image_bucket_bdcc_1/a1380d1eb2781676.jpg,Saxophone
TRAIN,gs://image_bucket_bdcc_1/aa08da98423dd5c0.jpg,Saxophone
TRAIN,gs://image_bucket_bdcc_1/acdc702037a472d1.jpg,Saxophone
TRAIN,gs://image_bucket_bdcc_1/ad3dc4d29422faf2.jpg,Saxophone
TRAIN,gs://image_bucket_bdcc_1/af96ab3e3f9581c1.jpg,Saxophone
TRAIN,gs://image_bucket_bdcc_1/b3a54fb6929ddf80.jpg,Saxophone
TRAIN,gs://image_bucket_bdcc_1/b7baedb49411dda7.jpg,Saxophone
TRAIN,gs://image_bucket_bdcc_1/b91043fee6366272.jpg,Saxophone
TRAIN,gs://image_bucket_bdcc_1/c0cfa9cbb3a5f8e7.jpg,Saxophone
TRAIN,gs://image_bucket_bdcc_1/c2ba255a6b9e7b9c.jpg,Saxophone
TRAIN,gs://image_bucket_bdcc_1/c2d2d4853b17928b.jpg,Saxophone
TRAIN,gs://image_bucket_bdcc_1/c347d70ab05d444d.jpg,Saxophone
TRAIN,gs://image_bucket_bdcc_1/cd28fc1be95dcb34.jpg,Saxophone
TRAIN,gs://image_bucket_bdcc_1/cd4169974f15db32.jpg,Saxophone
TRAIN,gs://image_bucket_bdcc_1/cfb1f50233941072.jpg,Saxophone
VALIDATION,gs://image_bucket_bdcc_1/d05a1f38372af6a9.jpg,Saxophone
VALIDATION,gs://image_bucket_bdcc_1/d2433f86e34c701c.jpg,Saxophone
VALIDATION,gs://image_bucket_bdcc_1/d33be5161b5fff6c.jpg,Saxophone
VALIDATION,gs://image_bucket_bdcc_1/d3451fc56a600e7e.jpg,Saxophone
VALIDATION,gs://image_bucket_bdcc_1/d8b8a4da16f1c760.jpg,Saxophone
VALIDATION,gs://image_bucket_bdcc_1/d9263e48f448f8e6.jpg,Saxophone
VALIDATION,gs://image_bucket_bdcc_1/dc7cfab5bf8b2665.jpg,Saxophone
VALIDATION,gs://image_bucket_bdcc_1/e6df98349c7b5c70.jpg,Saxophone
VALIDATION,gs://image_bucket_bdcc_1/e7612a7bf4ea3501.jpg,Saxophone
VALIDATION,gs://image_bucket_bdcc_1/e86be328a22f7ab5.jpg,Saxophone
TEST,gs://image_bucket_bdcc_1/ebd43dcc2825d520.jpg,Saxophone
TEST,gs://image_bucket_bdcc_1/ee46390c5e080dc2.jpg,Saxophone
TEST,gs://image_bucket_bdcc_1/f0a2bbe674ef2f31.jpg,Saxophone
TEST,gs://image_bucket_bdcc_1/f2bb08b61468124a.jpg,Saxophone
TEST,gs://image_bucket_bdcc_1/f4b94d6f7edabb1b.jpg,Saxophone
TEST,gs://image_bucket_bdcc_1/f5bec7c4c3c31f56.jpg,Saxophone
TEST,gs://image_bucket_bdcc_1/f7411d3a4110942b.jpg,Saxophone
TEST,gs://image_bucket_bdcc_1/fa5c51dee31a740e.jpg,Saxophone
TEST,gs://image_bucket_bdcc_1/faeada9c151e1ddb.jpg,Saxophone
TEST,gs://image_bucket_bdcc_1/fd4bb850a5d284f5.jpg,Saxophone
TRAIN,gs://image_bucket_bdcc_1/00512b0884728379.jpg,Candle
TRAIN,gs://image_bucket_bdcc_1/0204ea9289bdc77f.jpg,Candle
TRAIN,gs://image_bucket_bdcc_1/042a8d34fad306ae.jpg,Candle
TRAIN,gs://image_bucket_bdcc_1/05624c7346d8ef94.jpg,Candle
TRAIN,gs://image_bucket_bdcc_1/086905991082fcdf.jpg,Candle
TRAIN,gs://image_bucket_bdcc_1/0a62378af752b3e9.jpg,Candle
TRAIN,gs://image_bucket_bdcc_1/0f1c7251a826e366.jpg,Candle
TRAIN,gs://image_bucket_bdcc_1/1067fc94ead9083c.jpg,Candle
TRAIN,gs://image_bucket_bdcc_1/11174f3f71e8f430.jpg,Candle
TRAIN,gs://image_bucket_bdcc_1/1c69796e598de62d.jpg,Candle
TRAIN,gs://image_bucket_bdcc_1/1dcdad0e8cb376a2.jpg,Candle
TRAIN,gs://image_bucket_bdcc_1/245c5ee3d6b6610f.jpg,Candle
TRAIN,gs://image_bucket_bdcc_1/25faff28c939d840.jpg,Candle
TRAIN,gs://image_bucket_bdcc_1/26c08b528b99c2b6.jpg,Candle
TRAIN,gs://image_bucket_bdcc_1/2868081854309bff.jpg,Candle
TRAIN,gs://image_bucket_bdcc_1/2dc9c256de0c7aca.jpg,Candle
TRAIN,gs://image_bucket_bdcc_1/30b28112e86c4687.jpg,Candle
TRAIN,gs://image_bucket_bdcc_1/3593d8c9886abe72.jpg,Candle
TRAIN,gs://image_bucket_bdcc_1/375f5fdcd65b188e.jpg,Candle
TRAIN,gs://image_bucket_bdcc_1/3779f90dd7d13c76.jpg,Candle
TRAIN,gs://image_bucket_bdcc_1/49b77593a2e9f0c8.jpg,Candle
TRAIN,gs://image_bucket_bdcc_1/49f31813058a475f.jpg,Candle
TRAIN,gs://image_bucket_bdcc_1/4a8ffcae0b95e7bf.jpg,Candle
TRAIN,gs://image_bucket_bdcc_1/4cbb8ee1df099de9.jpg,Candle
TRAIN,gs://image_bucket_bdcc_1/5564e15dd8ca7b65.jpg,Candle
TRAIN,gs://image_bucket_bdcc_1/57829876951ab404.jpg,Candle
TRAIN,gs://image_bucket_bdcc_1/597dea28b6800cdf.jpg,Candle
TRAIN,gs://image_bucket_bdcc_1/5b4985749dd90faa.jpg,Candle
TRAIN,gs://image_bucket_bdcc_1/5c55b64de75600d5.jpg,Candle
TRAIN,gs://image_bucket_bdcc_1/5cfa99467f691e8c.jpg,Candle
TRAIN,gs://image_bucket_bdcc_1/5fd04d2b17e177bf.jpg,Candle
TRAIN,gs://image_bucket_bdcc_1/63b50428c6aebacd.jpg,Candle
TRAIN,gs://image_bucket_bdcc_1/63c13b1e767286c4.jpg,Candle
TRAIN,gs://image_bucket_bdcc_1/67997ef36dcd94bb.jpg,Candle
TRAIN,gs://image_bucket_bdcc_1/6a621481152ca1e0.jpg,Candle
TRAIN,gs://image_bucket_bdcc_1/6ac1b3313f35f4bb.jpg,Candle
TRAIN,gs://image_bucket_bdcc_1/6bf47ddf51a573d6.jpg,Candle
TRAIN,gs://image_bucket_bdcc_1/750b82eda9ed31fb.jpg,Candle
TRAIN,gs://image_bucket_bdcc_1/752790deece3d74e.jpg,Candle
TRAIN,gs://image_bucket_bdcc_1/770b78989c338897.jpg,Candle
TRAIN,gs://image_bucket_bdcc_1/79f5b607bea6b73d.jpg,Candle
TRAIN,gs://image_bucket_bdcc_1/7d1d21f41c88d20a.jpg,Candle
TRAIN,gs://image_bucket_bdcc_1/7ef12d959286b00b.jpg,Candle
TRAIN,gs://image_bucket_bdcc_1/81b0376fb82b2fe1.jpg,Candle
TRAIN,gs://image_bucket_bdcc_1/82ed562839fb86e9.jpg,Candle
TRAIN,gs://image_bucket_bdcc_1/840f1f4e96f4c5ba.jpg,Candle
TRAIN,gs://image_bucket_bdcc_1/88142a6fe1ba29b2.jpg,Candle
TRAIN,gs://image_bucket_bdcc_1/88c2a1dbdcef5f7e.jpg,Candle
TRAIN,gs://image_bucket_bdcc_1/8ae3fe2f24d9ab78.jpg,Candle
TRAIN,gs://image_bucket_bdcc_1/8b65c195543cbd02.jpg,Candle
TRAIN,gs://image_bucket_bdcc_1/8c13a4129d556da5.jpg,Candle
TRAIN,gs://image_bucket_bdcc_1/8c52ce3cde0d5efc.jpg,Candle
TRAIN,gs://image_bucket_bdcc_1/8dce5bdba6c3d0a3.jpg,Candle
TRAIN,gs://image_bucket_bdcc_1/8ef089016df2b3b9.jpg,Candle
TRAIN,gs://image_bucket_bdcc_1/9195156b99320c2c.jpg,Candle
TRAIN,gs://image_bucket_bdcc_1/9459903bd7b65513.jpg,Candle
TRAIN,gs://image_bucket_bdcc_1/949b6b11d26c5c67.jpg,Candle
TRAIN,gs://image_bucket_bdcc_1/95c028ccad155d25.jpg,Candle
TRAIN,gs://image_bucket_bdcc_1/96fb8d2b69d60368.jpg,Candle
TRAIN,gs://image_bucket_bdcc_1/9a3773eb95f57368.jpg,Candle
TRAIN,gs://image_bucket_bdcc_1/a0086b22f9c0d5a7.jpg,Candle
TRAIN,gs://image_bucket_bdcc_1/a14c94a07c2f9a1a.jpg,Candle
TRAIN,gs://image_bucket_bdcc_1/a43b7e6708014c12.jpg,Candle
TRAIN,gs://image_bucket_bdcc_1/a7fea05c533bd197.jpg,Candle
TRAIN,gs://image_bucket_bdcc_1/adc54934dd3994fe.jpg,Candle
TRAIN,gs://image_bucket_bdcc_1/af4e2f14f26baf56.jpg,Candle
TRAIN,gs://image_bucket_bdcc_1/b1c90651d437ed61.jpg,Candle
TRAIN,gs://image_bucket_bdcc_1/b2e3d32e5ff11cbd.jpg,Candle
TRAIN,gs://image_bucket_bdcc_1/b3d529bfa3c55d4a.jpg,Candle
TRAIN,gs://image_bucket_bdcc_1/b4f0003a65d7b7dd.jpg,Candle
TRAIN,gs://image_bucket_bdcc_1/b5a6ffd5a38768ee.jpg,Candle
TRAIN,gs://image_bucket_bdcc_1/b64363d43a270cf4.jpg,Candle
TRAIN,gs://image_bucket_bdcc_1/b9a5f91ae985cb4c.jpg,Candle
TRAIN,gs://image_bucket_bdcc_1/bab46c2bf03be0ac.jpg,Candle
TRAIN,gs://image_bucket_bdcc_1/bb8b7f7a51bae9db.jpg,Candle
TRAIN,gs://image_bucket_bdcc_1/bbd7a1415b4c6e0b.jpg,Candle
TRAIN,gs://image_bucket_bdcc_1/bca15805d971ea29.jpg,Candle
TRAIN,gs://image_bucket_bdcc_1/bd96bddf94ce871c.jpg,Candle
TRAIN,gs://image_bucket_bdcc_1/c0065da5a09f51fd.jpg,Candle
TRAIN,gs://image_bucket_bdcc_1/c22d4ec3acfa888d.jpg,Candle
VALIDATION,gs://image_bucket_bdcc_1/c57a3c5813b36ee5.jpg,Candle
VALIDATION,gs://image_bucket_bdcc_1/ca4ab4f0ae7fe552.jpg,Candle
VALIDATION,gs://image_bucket_bdcc_1/cbf8235e89284c1a.jpg,Candle
VALIDATION,gs://image_bucket_bdcc_1/cbf885a8c7c31be4.jpg,Candle
VALIDATION,gs://image_bucket_bdcc_1/cd983fab19b94cc8.jpg,Candle
VALIDATION,gs://image_bucket_bdcc_1/d5c5afe221cf8791.jpg,Candle
VALIDATION,gs://image_bucket_bdcc_1/d7765a4bba735733.jpg,Candle
VALIDATION,gs://image_bucket_bdcc_1/d78866b770c288f2.jpg,Candle
VALIDATION,gs://image_bucket_bdcc_1/d895203bec9d245a.jpg,Candle
VALIDATION,gs://image_bucket_bdcc_1/dbe473f9dbb89ff2.jpg,Candle
TEST,gs://image_bucket_bdcc_1/dd44f93f2cc659d1.jpg,Candle
TEST,gs://image_bucket_bdcc_1/df82997367dedfe7.jpg,Candle
TEST,gs://image_bucket_bdcc_1/e0a2d5be60306c7b.jpg,Candle
TEST,gs://image_bucket_bdcc_1/e83df0bf53012d56.jpg,Candle
TEST,gs://image_bucket_bdcc_1/ebe187dc40d3a98f.jpg,Candle
TEST,gs://image_bucket_bdcc_1/ec0d807cdb557ffc.jpg,Candle
TEST,gs://image_bucket_bdcc_1/efb2ccad1baa9a29.jpg,Candle
TEST,gs://image_bucket_bdcc_1/f11f5b52e6db1827.jpg,Candle
TEST,gs://image_bucket_bdcc_1/f49ff01ec314cb92.jpg,Candle
TEST,gs://image_bucket_bdcc_1/f74a007faf61fa2d.jpg,Candle
TRAIN,gs://image_bucket_bdcc_1/012570c9ec60f9c4.jpg,Refrigerator
TRAIN,gs://image_bucket_bdcc_1/01681d52ad599ab4.jpg,Refrigerator
TRAIN,gs://image_bucket_bdcc_1/049a2a3be2638bdd.jpg,Refrigerator
TRAIN,gs://image_bucket_bdcc_1/07c7da6ee633bac1.jpg,Refrigerator
TRAIN,gs://image_bucket_bdcc_1/07d963c889fe0158.jpg,Refrigerator
TRAIN,gs://image_bucket_bdcc_1/08380c1be6830cf7.jpg,Refrigerator
TRAIN,gs://image_bucket_bdcc_1/090bfa52af217d58.jpg,Refrigerator
TRAIN,gs://image_bucket_bdcc_1/094280157e036eb0.jpg,Refrigerator
TRAIN,gs://image_bucket_bdcc_1/0a449146fd461376.jpg,Refrigerator
TRAIN,gs://image_bucket_bdcc_1/0d57335b44744496.jpg,Refrigerator
TRAIN,gs://image_bucket_bdcc_1/0e4a61f7fd743f1e.jpg,Refrigerator
TRAIN,gs://image_bucket_bdcc_1/1210953330654fdb.jpg,Refrigerator
TRAIN,gs://image_bucket_bdcc_1/126b61892259c81b.jpg,Refrigerator
TRAIN,gs://image_bucket_bdcc_1/1458ece265475557.jpg,Refrigerator
TRAIN,gs://image_bucket_bdcc_1/1664c338a8380c25.jpg,Refrigerator
TRAIN,gs://image_bucket_bdcc_1/1aec75cebd3f4c62.jpg,Refrigerator
TRAIN,gs://image_bucket_bdcc_1/22aa40cd91b4c259.jpg,Refrigerator
TRAIN,gs://image_bucket_bdcc_1/2334af101eb10dce.jpg,Refrigerator
TRAIN,gs://image_bucket_bdcc_1/2358f61c243f917a.jpg,Refrigerator
TRAIN,gs://image_bucket_bdcc_1/23e9876d80301685.jpg,Refrigerator
TRAIN,gs://image_bucket_bdcc_1/24d85bfa05316aa6.jpg,Refrigerator
TRAIN,gs://image_bucket_bdcc_1/24e3ee52ac1821a9.jpg,Refrigerator
TRAIN,gs://image_bucket_bdcc_1/29d7e42311d1eff1.jpg,Refrigerator
TRAIN,gs://image_bucket_bdcc_1/2af96398f940d530.jpg,Refrigerator
TRAIN,gs://image_bucket_bdcc_1/35998300863f9399.jpg,Refrigerator
TRAIN,gs://image_bucket_bdcc_1/3942c5dc5c339fda.jpg,Refrigerator
TRAIN,gs://image_bucket_bdcc_1/398259f32f14d105.jpg,Refrigerator
TRAIN,gs://image_bucket_bdcc_1/3fe2b1f65f3238f9.jpg,Refrigerator
TRAIN,gs://image_bucket_bdcc_1/4244f089ccfaeebb.jpg,Refrigerator
TRAIN,gs://image_bucket_bdcc_1/4449c20306c63d9a.jpg,Refrigerator
TRAIN,gs://image_bucket_bdcc_1/46adb921324adfdb.jpg,Refrigerator
TRAIN,gs://image_bucket_bdcc_1/46cf10f214f46947.jpg,Refrigerator
TRAIN,gs://image_bucket_bdcc_1/46dccf0478d760a5.jpg,Refrigerator
TRAIN,gs://image_bucket_bdcc_1/47c21befdabb119e.jpg,Refrigerator
TRAIN,gs://image_bucket_bdcc_1/4841959e5e9278ef.jpg,Refrigerator
TRAIN,gs://image_bucket_bdcc_1/48f2075dab673091.jpg,Refrigerator
TRAIN,gs://image_bucket_bdcc_1/4b3251ab56e2511a.jpg,Refrigerator
TRAIN,gs://image_bucket_bdcc_1/4d6ffe36dd689e1e.jpg,Refrigerator
TRAIN,gs://image_bucket_bdcc_1/501f8211256ad97d.jpg,Refrigerator
TRAIN,gs://image_bucket_bdcc_1/512e763b23503a34.jpg,Refrigerator
TRAIN,gs://image_bucket_bdcc_1/55bf2e82882b5470.jpg,Refrigerator
TRAIN,gs://image_bucket_bdcc_1/5798482b01040286.jpg,Refrigerator
TRAIN,gs://image_bucket_bdcc_1/5a2f9d9453c6ec46.jpg,Refrigerator
TRAIN,gs://image_bucket_bdcc_1/5c59b76bcaef7d8a.jpg,Refrigerator
TRAIN,gs://image_bucket_bdcc_1/5c9147ef37dd25d6.jpg,Refrigerator
TRAIN,gs://image_bucket_bdcc_1/5de300995c93ef8b.jpg,Refrigerator
TRAIN,gs://image_bucket_bdcc_1/6117a89f809f434d.jpg,Refrigerator
TRAIN,gs://image_bucket_bdcc_1/66abb939c8e0ada4.jpg,Refrigerator
TRAIN,gs://image_bucket_bdcc_1/69fd9bee1947f0e8.jpg,Refrigerator
TRAIN,gs://image_bucket_bdcc_1/6a6c4348e1313a0d.jpg,Refrigerator
TRAIN,gs://image_bucket_bdcc_1/6ad78bbc4b44e3c6.jpg,Refrigerator
TRAIN,gs://image_bucket_bdcc_1/6b28eb14694415df.jpg,Refrigerator
TRAIN,gs://image_bucket_bdcc_1/6c57df42d6f0e545.jpg,Refrigerator
TRAIN,gs://image_bucket_bdcc_1/6d261123912ce177.jpg,Refrigerator
TRAIN,gs://image_bucket_bdcc_1/6d8001ea79c02334.jpg,Refrigerator
TRAIN,gs://image_bucket_bdcc_1/6e0efe25d0983f6a.jpg,Refrigerator
TRAIN,gs://image_bucket_bdcc_1/71b3bea110ee810c.jpg,Refrigerator
TRAIN,gs://image_bucket_bdcc_1/775e077de67c6250.jpg,Refrigerator
TRAIN,gs://image_bucket_bdcc_1/78387993904abdee.jpg,Refrigerator
TRAIN,gs://image_bucket_bdcc_1/81d653f8cc985f18.jpg,Refrigerator
TRAIN,gs://image_bucket_bdcc_1/87b1d5f40a55bb19.jpg,Refrigerator
TRAIN,gs://image_bucket_bdcc_1/87cf26211cfa78cc.jpg,Refrigerator
TRAIN,gs://image_bucket_bdcc_1/8896b5a5c0abaf84.jpg,Refrigerator
TRAIN,gs://image_bucket_bdcc_1/89d9811d8adcefd1.jpg,Refrigerator
TRAIN,gs://image_bucket_bdcc_1/8c403c2bca23f224.jpg,Refrigerator
TRAIN,gs://image_bucket_bdcc_1/8c6d17cf9b79b934.jpg,Refrigerator
TRAIN,gs://image_bucket_bdcc_1/8f43dccd3e36f410.jpg,Refrigerator
TRAIN,gs://image_bucket_bdcc_1/9133b173feb0a59a.jpg,Refrigerator
TRAIN,gs://image_bucket_bdcc_1/92126929ec397b15.jpg,Refrigerator
TRAIN,gs://image_bucket_bdcc_1/953acb30d0fd07e7.jpg,Refrigerator
TRAIN,gs://image_bucket_bdcc_1/9591252f187f0dc9.jpg,Refrigerator
TRAIN,gs://image_bucket_bdcc_1/98b79845429b0080.jpg,Refrigerator
TRAIN,gs://image_bucket_bdcc_1/98ecaa1c259e0e7e.jpg,Refrigerator
TRAIN,gs://image_bucket_bdcc_1/99e6b2e3c3cfda19.jpg,Refrigerator
TRAIN,gs://image_bucket_bdcc_1/9e5a46db2634a63e.jpg,Refrigerator
TRAIN,gs://image_bucket_bdcc_1/a6e7bab3bd55558e.jpg,Refrigerator
TRAIN,gs://image_bucket_bdcc_1/a79d77f909f40802.jpg,Refrigerator
TRAIN,gs://image_bucket_bdcc_1/a829cdb32c9e602d.jpg,Refrigerator
TRAIN,gs://image_bucket_bdcc_1/aa8c0dc927176fdc.jpg,Refrigerator
TRAIN,gs://image_bucket_bdcc_1/aaf39e326acd419c.jpg,Refrigerator
VALIDATION,gs://image_bucket_bdcc_1/aafe49635fed3283.jpg,Refrigerator
VALIDATION,gs://image_bucket_bdcc_1/b567f64f682fbebb.jpg,Refrigerator
VALIDATION,gs://image_bucket_bdcc_1/b97486b4cc0ceee4.jpg,Refrigerator
VALIDATION,gs://image_bucket_bdcc_1/bad0264b945d1114.jpg,Refrigerator
VALIDATION,gs://image_bucket_bdcc_1/bfd2cbc2847ead5c.jpg,Refrigerator
VALIDATION,gs://image_bucket_bdcc_1/c063f06ed94237f2.jpg,Refrigerator
VALIDATION,gs://image_bucket_bdcc_1/c3b00c8a7c2b5e2b.jpg,Refrigerator
VALIDATION,gs://image_bucket_bdcc_1/c8fc8d63d2d39da3.jpg,Refrigerator
VALIDATION,gs://image_bucket_bdcc_1/cd6484e1f2903a98.jpg,Refrigerator
VALIDATION,gs://image_bucket_bdcc_1/d05b26715aa4309e.jpg,Refrigerator
TEST,gs://image_bucket_bdcc_1/d8e4e0b7697bd5c4.jpg,Refrigerator
TEST,gs://image_bucket_bdcc_1/daa62fa745f83a8e.jpg,Refrigerator
TEST,gs://image_bucket_bdcc_1/dbc81b660ea48196.jpg,Refrigerator
TEST,gs://image_bucket_bdcc_1/df7dfb7743d8914e.jpg,Refrigerator
TEST,gs://image_bucket_bdcc_1/e7eb320a1beca101.jpg,Refrigerator
TEST,gs://image_bucket_bdcc_1/e9c081715727c0c7.jpg,Refrigerator
TEST,gs://image_bucket_bdcc_1/e9edc8b8bada67e0.jpg,Refrigerator
TEST,gs://image_bucket_bdcc_1/ebbb15d9bf54b41b.jpg,Refrigerator
TEST,gs://image_bucket_bdcc_1/ec411105110b2c56.jpg,Refrigerator
TEST,gs://image_bucket_bdcc_1/ed47757457c3b029.jpg,Refrigerator
TRAIN,gs://image_bucket_bdcc_1/0298c70279b6e842.jpg,Glove
TRAIN,gs://image_bucket_bdcc_1/03db136a3728d3fc.jpg,Glove
TRAIN,gs://image_bucket_bdcc_1/03de2a83847fb559.jpg,Glove
TRAIN,gs://image_bucket_bdcc_1/049aa19c83ab2bef.jpg,Glove
TRAIN,gs://image_bucket_bdcc_1/06c54952711c3873.jpg,Glove
TRAIN,gs://image_bucket_bdcc_1/07264e57e3607661.jpg,Glove
TRAIN,gs://image_bucket_bdcc_1/0765f5098f096c49.jpg,Glove
TRAIN,gs://image_bucket_bdcc_1/0fe95644115e8829.jpg,Glove
TRAIN,gs://image_bucket_bdcc_1/0febb6fee08a7470.jpg,Glove
TRAIN,gs://image_bucket_bdcc_1/10cdaca6d67dd98c.jpg,Glove
TRAIN,gs://image_bucket_bdcc_1/12bfab94760359b6.jpg,Glove
TRAIN,gs://image_bucket_bdcc_1/1369df17d4b764d1.jpg,Glove
TRAIN,gs://image_bucket_bdcc_1/15206cdb4d5acff2.jpg,Glove
TRAIN,gs://image_bucket_bdcc_1/159220398554e6b0.jpg,Glove
TRAIN,gs://image_bucket_bdcc_1/1d253a99a97583ca.jpg,Glove
TRAIN,gs://image_bucket_bdcc_1/20c330a140128d67.jpg,Glove
TRAIN,gs://image_bucket_bdcc_1/225d436f25ef6ffb.jpg,Glove
TRAIN,gs://image_bucket_bdcc_1/251e4c842963ad62.jpg,Glove
TRAIN,gs://image_bucket_bdcc_1/27e16f0c4e6df95d.jpg,Glove
TRAIN,gs://image_bucket_bdcc_1/37360cbe3d1fecc4.jpg,Glove
TRAIN,gs://image_bucket_bdcc_1/37a844ac1691bfd1.jpg,Glove
TRAIN,gs://image_bucket_bdcc_1/3867c43194dd43ed.jpg,Glove
TRAIN,gs://image_bucket_bdcc_1/39d9fbb0b7879a0c.jpg,Glove
TRAIN,gs://image_bucket_bdcc_1/3e13cad7e50fc467.jpg,Glove
TRAIN,gs://image_bucket_bdcc_1/43b1ef5be2061649.jpg,Glove
TRAIN,gs://image_bucket_bdcc_1/43ba73af80c50e58.jpg,Glove
TRAIN,gs://image_bucket_bdcc_1/440664741ab74fa2.jpg,Glove
TRAIN,gs://image_bucket_bdcc_1/4426fa0e3b515179.jpg,Glove
TRAIN,gs://image_bucket_bdcc_1/44ae9e2f719b3093.jpg,Glove
TRAIN,gs://image_bucket_bdcc_1/45746427030b75bd.jpg,Glove
TRAIN,gs://image_bucket_bdcc_1/46b26e90cb5ed895.jpg,Glove
TRAIN,gs://image_bucket_bdcc_1/46da5418a428b8fa.jpg,Glove
TRAIN,gs://image_bucket_bdcc_1/493178274db3d2a7.jpg,Glove
TRAIN,gs://image_bucket_bdcc_1/4936d34b62af2c28.jpg,Glove
TRAIN,gs://image_bucket_bdcc_1/4a2e6f27d10132bf.jpg,Glove
TRAIN,gs://image_bucket_bdcc_1/4d9c304cd42499eb.jpg,Glove
TRAIN,gs://image_bucket_bdcc_1/4e8433dcc82d2279.jpg,Glove
TRAIN,gs://image_bucket_bdcc_1/50a1ee4f4dae3565.jpg,Glove
TRAIN,gs://image_bucket_bdcc_1/51445c18e5d3d14c.jpg,Glove
TRAIN,gs://image_bucket_bdcc_1/526177dd0bc4b1eb.jpg,Glove
TRAIN,gs://image_bucket_bdcc_1/53235fa4c05102cb.jpg,Glove
TRAIN,gs://image_bucket_bdcc_1/542428a652c8fd39.jpg,Glove
TRAIN,gs://image_bucket_bdcc_1/5516e4aed0395c60.jpg,Glove
TRAIN,gs://image_bucket_bdcc_1/5570e4a637e0e11c.jpg,Glove
TRAIN,gs://image_bucket_bdcc_1/574901d78c34e0a8.jpg,Glove
TRAIN,gs://image_bucket_bdcc_1/579c0baa92fbeca6.jpg,Glove
TRAIN,gs://image_bucket_bdcc_1/58373e1319eeed7b.jpg,Glove
TRAIN,gs://image_bucket_bdcc_1/58e51d11ee20bb54.jpg,Glove
TRAIN,gs://image_bucket_bdcc_1/5f0c3f3aaeb64232.jpg,Glove
TRAIN,gs://image_bucket_bdcc_1/6142922d5809e5de.jpg,Glove
TRAIN,gs://image_bucket_bdcc_1/6148451becf88ccf.jpg,Glove
TRAIN,gs://image_bucket_bdcc_1/62d8000fe45aed24.jpg,Glove
TRAIN,gs://image_bucket_bdcc_1/6402e34cfa03d187.jpg,Glove
TRAIN,gs://image_bucket_bdcc_1/6582bc88b7928e04.jpg,Glove
TRAIN,gs://image_bucket_bdcc_1/662bb8cd11925ffc.jpg,Glove
TRAIN,gs://image_bucket_bdcc_1/66313ff5fc5c0d1d.jpg,Glove
TRAIN,gs://image_bucket_bdcc_1/689a106df150a803.jpg,Glove
TRAIN,gs://image_bucket_bdcc_1/69d91728852019c9.jpg,Glove
TRAIN,gs://image_bucket_bdcc_1/6ac661217db12f9d.jpg,Glove
TRAIN,gs://image_bucket_bdcc_1/6b487a6c8b60c175.jpg,Glove
TRAIN,gs://image_bucket_bdcc_1/6b4a25f143c3eacc.jpg,Glove
TRAIN,gs://image_bucket_bdcc_1/6caa8f25d1018be4.jpg,Glove
TRAIN,gs://image_bucket_bdcc_1/6fa2943dcf5de04e.jpg,Glove
TRAIN,gs://image_bucket_bdcc_1/711c3f16c873b828.jpg,Glove
TRAIN,gs://image_bucket_bdcc_1/74dc84f4d4178d89.jpg,Glove
TRAIN,gs://image_bucket_bdcc_1/763ab262f759a7ab.jpg,Glove
TRAIN,gs://image_bucket_bdcc_1/77acdd4d72a544d8.jpg,Glove
TRAIN,gs://image_bucket_bdcc_1/78a8e54c31c5a0c7.jpg,Glove
TRAIN,gs://image_bucket_bdcc_1/78ec2e08430699e1.jpg,Glove
TRAIN,gs://image_bucket_bdcc_1/790200dc2441a317.jpg,Glove
TRAIN,gs://image_bucket_bdcc_1/79173e559d16009f.jpg,Glove
TRAIN,gs://image_bucket_bdcc_1/793123ec6a6afef4.jpg,Glove
TRAIN,gs://image_bucket_bdcc_1/7a846569ed662bc9.jpg,Glove
TRAIN,gs://image_bucket_bdcc_1/7b8e6fe0462a718a.jpg,Glove
TRAIN,gs://image_bucket_bdcc_1/7d98175fde82042b.jpg,Glove
TRAIN,gs://image_bucket_bdcc_1/7fcaeedfcc049f26.jpg,Glove
TRAIN,gs://image_bucket_bdcc_1/81d50a18676de340.jpg,Glove
TRAIN,gs://image_bucket_bdcc_1/82311358ea1777d6.jpg,Glove
TRAIN,gs://image_bucket_bdcc_1/84140894baa2e9f0.jpg,Glove
TRAIN,gs://image_bucket_bdcc_1/85a5560356a71385.jpg,Glove
VALIDATION,gs://image_bucket_bdcc_1/86fb54cd63be4d3b.jpg,Glove
VALIDATION,gs://image_bucket_bdcc_1/87db71cce65f666e.jpg,Glove
VALIDATION,gs://image_bucket_bdcc_1/8860659d997827f0.jpg,Glove
VALIDATION,gs://image_bucket_bdcc_1/88cf0331220023cd.jpg,Glove
VALIDATION,gs://image_bucket_bdcc_1/8c606c96755165bf.jpg,Glove
VALIDATION,gs://image_bucket_bdcc_1/8d56434ca7d54ec2.jpg,Glove
VALIDATION,gs://image_bucket_bdcc_1/924c240828403f1a.jpg,Glove
VALIDATION,gs://image_bucket_bdcc_1/9cc3c9fbea578d89.jpg,Glove
VALIDATION,gs://image_bucket_bdcc_1/9f88bfc8dd761f31.jpg,Glove
VALIDATION,gs://image_bucket_bdcc_1/9fda6e4ed12f4aec.jpg,Glove
TEST,gs://image_bucket_bdcc_1/9ffe0ca87634309c.jpg,Glove
TEST,gs://image_bucket_bdcc_1/a159c5f932b1333b.jpg,Glove
TEST,gs://image_bucket_bdcc_1/a16345b36eefc787.jpg,Glove
TEST,gs://image_bucket_bdcc_1/a2c1d4542901af59.jpg,Glove
TEST,gs://image_bucket_bdcc_1/a38e9efbe565fc73.jpg,Glove
TEST,gs://image_bucket_bdcc_1/a3f9db866b0aea01.jpg,Glove
TEST,gs://image_bucket_bdcc_1/a69b5390c7a2177a.jpg,Glove
TEST,gs://image_bucket_bdcc_1/a7fabb52ec005d7d.jpg,Glove
TEST,gs://image_bucket_bdcc_1/a824dbab388784e8.jpg,Glove
TEST,gs://image_bucket_bdcc_1/a8d0fb906a13ac84.jpg,Glove
TRAIN,gs://image_bucket_bdcc_1/00292d5574d17266.jpg,Crab
TRAIN,gs://image_bucket_bdcc_1/02053bc389142b78.jpg,Crab
TRAIN,gs://image_bucket_bdcc_1/0242efe4de98f171.jpg,Crab
TRAIN,gs://image_bucket_bdcc_1/03fa4b1201e89917.jpg,Crab
TRAIN,gs://image_bucket_bdcc_1/067511db51d0f3a5.jpg,Crab
TRAIN,gs://image_bucket_bdcc_1/0a5461a469ce37ee.jpg,Crab
TRAIN,gs://image_bucket_bdcc_1/0ba2756bae006392.jpg,Crab
TRAIN,gs://image_bucket_bdcc_1/100e0a942294ab8d.jpg,Crab
TRAIN,gs://image_bucket_bdcc_1/12647a6bdd653d3c.jpg,Crab
TRAIN,gs://image_bucket_bdcc_1/1356967d306c775d.jpg,Crab
TRAIN,gs://image_bucket_bdcc_1/159087226b8dcecb.jpg,Crab
TRAIN,gs://image_bucket_bdcc_1/161f9f0b97df3a8d.jpg,Crab
TRAIN,gs://image_bucket_bdcc_1/16857de08193111a.jpg,Crab
TRAIN,gs://image_bucket_bdcc_1/189f73a1739d6224.jpg,Crab
TRAIN,gs://image_bucket_bdcc_1/1a603f29fda7b768.jpg,Crab
TRAIN,gs://image_bucket_bdcc_1/1dfc94af1d596977.jpg,Crab
TRAIN,gs://image_bucket_bdcc_1/1e6b945fe36a9fc8.jpg,Crab
TRAIN,gs://image_bucket_bdcc_1/1fea3becc6687583.jpg,Crab
TRAIN,gs://image_bucket_bdcc_1/2083cb29bfaf3d3b.jpg,Crab
TRAIN,gs://image_bucket_bdcc_1/220e03f2bad93baa.jpg,Crab
TRAIN,gs://image_bucket_bdcc_1/228bd7d887fe9718.jpg,Crab
TRAIN,gs://image_bucket_bdcc_1/22d7ce3c20a9116c.jpg,Crab
TRAIN,gs://image_bucket_bdcc_1/269b5287eb28f70d.jpg,Crab
TRAIN,gs://image_bucket_bdcc_1/26bab82911620b39.jpg,Crab
TRAIN,gs://image_bucket_bdcc_1/29456252a4942bbf.jpg,Crab
TRAIN,gs://image_bucket_bdcc_1/295d1b3484f47d8f.jpg,Crab
TRAIN,gs://image_bucket_bdcc_1/29a806aadc8dcd50.jpg,Crab
TRAIN,gs://image_bucket_bdcc_1/2a1408b9adb98b24.jpg,Crab
TRAIN,gs://image_bucket_bdcc_1/2a3ce35e229d149f.jpg,Crab
TRAIN,gs://image_bucket_bdcc_1/2a5522a55bb3ba5e.jpg,Crab
TRAIN,gs://image_bucket_bdcc_1/2d6393035c7de0c1.jpg,Crab
TRAIN,gs://image_bucket_bdcc_1/2e9c00e0d14cdf45.jpg,Crab
TRAIN,gs://image_bucket_bdcc_1/31fa556cdeae9fb9.jpg,Crab
TRAIN,gs://image_bucket_bdcc_1/377d07428b236150.jpg,Crab
TRAIN,gs://image_bucket_bdcc_1/3b323ba9ea445baf.jpg,Crab
TRAIN,gs://image_bucket_bdcc_1/3ce8691b2ff5a2b7.jpg,Crab
TRAIN,gs://image_bucket_bdcc_1/3d9600ff12df0936.jpg,Crab
TRAIN,gs://image_bucket_bdcc_1/3e148490301a23ef.jpg,Crab
TRAIN,gs://image_bucket_bdcc_1/444f2282b717a557.jpg,Crab
TRAIN,gs://image_bucket_bdcc_1/46e5b20791514ec6.jpg,Crab
TRAIN,gs://image_bucket_bdcc_1/4b1393429e2d3135.jpg,Crab
TRAIN,gs://image_bucket_bdcc_1/4b87cec5208981b3.jpg,Crab
TRAIN,gs://image_bucket_bdcc_1/4dd50c8ac44fb0d9.jpg,Crab
TRAIN,gs://image_bucket_bdcc_1/511d41fdf081f04c.jpg,Crab
TRAIN,gs://image_bucket_bdcc_1/527100fa7b185315.jpg,Crab
TRAIN,gs://image_bucket_bdcc_1/52736c002f86bf15.jpg,Crab
TRAIN,gs://image_bucket_bdcc_1/53c0b637464125b1.jpg,Crab
TRAIN,gs://image_bucket_bdcc_1/567b97380728207a.jpg,Crab
TRAIN,gs://image_bucket_bdcc_1/580995a742f4655c.jpg,Crab
TRAIN,gs://image_bucket_bdcc_1/58cced7880690146.jpg,Crab
TRAIN,gs://image_bucket_bdcc_1/59052de944ecd608.jpg,Crab
TRAIN,gs://image_bucket_bdcc_1/592a08cc954ca059.jpg,Crab
TRAIN,gs://image_bucket_bdcc_1/599e7ee97b601344.jpg,Crab
TRAIN,gs://image_bucket_bdcc_1/5bd45db2489e9f67.jpg,Crab
TRAIN,gs://image_bucket_bdcc_1/5bf697a582f112a1.jpg,Crab
TRAIN,gs://image_bucket_bdcc_1/5d2ba09aa343d1ba.jpg,Crab
TRAIN,gs://image_bucket_bdcc_1/6436154e7a5545fc.jpg,Crab
TRAIN,gs://image_bucket_bdcc_1/665433fff0d2b278.jpg,Crab
TRAIN,gs://image_bucket_bdcc_1/6745219ce4ffd547.jpg,Crab
TRAIN,gs://image_bucket_bdcc_1/67a0819056e9d806.jpg,Crab
TRAIN,gs://image_bucket_bdcc_1/686fe84c10b954e0.jpg,Crab
TRAIN,gs://image_bucket_bdcc_1/6b7d1a48d1b4f80d.jpg,Crab
TRAIN,gs://image_bucket_bdcc_1/6c9d88a6ecfdc0d0.jpg,Crab
TRAIN,gs://image_bucket_bdcc_1/6f0fec871b80afc1.jpg,Crab
TRAIN,gs://image_bucket_bdcc_1/6f91b4b3ff52d592.jpg,Crab
TRAIN,gs://image_bucket_bdcc_1/741b570ea3e0922e.jpg,Crab
TRAIN,gs://image_bucket_bdcc_1/747772d5af807f4a.jpg,Crab
TRAIN,gs://image_bucket_bdcc_1/79cc5a61643c9664.jpg,Crab
TRAIN,gs://image_bucket_bdcc_1/79d9fc2a616ca66f.jpg,Crab
TRAIN,gs://image_bucket_bdcc_1/7d1949269499fc0c.jpg,Crab
TRAIN,gs://image_bucket_bdcc_1/7f609381d8a2813d.jpg,Crab
TRAIN,gs://image_bucket_bdcc_1/864c29f99baee6d6.jpg,Crab
TRAIN,gs://image_bucket_bdcc_1/8773f08371455230.jpg,Crab
TRAIN,gs://image_bucket_bdcc_1/887de4565ed1d4d7.jpg,Crab
TRAIN,gs://image_bucket_bdcc_1/8a94618ceb95e743.jpg,Crab
TRAIN,gs://image_bucket_bdcc_1/8cc4c6c3648bf7fb.jpg,Crab
TRAIN,gs://image_bucket_bdcc_1/8d2fbf51dbb751fa.jpg,Crab
TRAIN,gs://image_bucket_bdcc_1/8f8942613ba80c45.jpg,Crab
TRAIN,gs://image_bucket_bdcc_1/8fb6e9d337ba576c.jpg,Crab
TRAIN,gs://image_bucket_bdcc_1/8fdff8f89df33d05.jpg,Crab
VALIDATION,gs://image_bucket_bdcc_1/91d9d25aadcf9526.jpg,Crab
VALIDATION,gs://image_bucket_bdcc_1/933a3a8d015a249c.jpg,Crab
VALIDATION,gs://image_bucket_bdcc_1/936ce8a082bb5d03.jpg,Crab
VALIDATION,gs://image_bucket_bdcc_1/93e2c69c814dfc2c.jpg,Crab
VALIDATION,gs://image_bucket_bdcc_1/943ee02ff0f16020.jpg,Crab
VALIDATION,gs://image_bucket_bdcc_1/94969214f8c7a869.jpg,Crab
VALIDATION,gs://image_bucket_bdcc_1/95ae6845318b00be.jpg,Crab
VALIDATION,gs://image_bucket_bdcc_1/96219004242cdba1.jpg,Crab
VALIDATION,gs://image_bucket_bdcc_1/971decdde77064ea.jpg,Crab
VALIDATION,gs://image_bucket_bdcc_1/9ab73d9f1109731e.jpg,Crab
TEST,gs://image_bucket_bdcc_1/9b9d303b34eb4759.jpg,Crab
TEST,gs://image_bucket_bdcc_1/9bc4a0b8b2046ded.jpg,Crab
TEST,gs://image_bucket_bdcc_1/9c24a9fed8b8ff58.jpg,Crab
TEST,gs://image_bucket_bdcc_1/9c6fc3a724176823.jpg,Crab
TEST,gs://image_bucket_bdcc_1/9decd2bc4c7e76ba.jpg,Crab
TEST,gs://image_bucket_bdcc_1/a10b3bedb711ec35.jpg,Crab
TEST,gs://image_bucket_bdcc_1/a15920b381149649.jpg,Crab
TEST,gs://image_bucket_bdcc_1/a23d129ed40880c5.jpg,Crab
TEST,gs://image_bucket_bdcc_1/a3b79dbeb2f719e9.jpg,Crab
TEST,gs://image_bucket_bdcc_1/a84857518d62229b.jpg,Crab
TRAIN,gs://image_bucket_bdcc_1/03066e7728a58202.jpg,Bowl
TRAIN,gs://image_bucket_bdcc_1/04bcc24c07f719a5.jpg,Bowl
TRAIN,gs://image_bucket_bdcc_1/09d82bb286960716.jpg,Bowl
TRAIN,gs://image_bucket_bdcc_1/0ae99207274c2ce1.jpg,Bowl
TRAIN,gs://image_bucket_bdcc_1/0b180712901c4187.jpg,Bowl
TRAIN,gs://image_bucket_bdcc_1/0b76137a755b58fc.jpg,Bowl
TRAIN,gs://image_bucket_bdcc_1/0e2b3f02d26216aa.jpg,Bowl
TRAIN,gs://image_bucket_bdcc_1/0f2a98ecb311c693.jpg,Bowl
TRAIN,gs://image_bucket_bdcc_1/0facc8f3887d5648.jpg,Bowl
TRAIN,gs://image_bucket_bdcc_1/1213f82316448015.jpg,Bowl
TRAIN,gs://image_bucket_bdcc_1/121cb977d66bc3ac.jpg,Bowl
TRAIN,gs://image_bucket_bdcc_1/1265a59916050f73.jpg,Bowl
TRAIN,gs://image_bucket_bdcc_1/12a0b66b69df4a7e.jpg,Bowl
TRAIN,gs://image_bucket_bdcc_1/151ff0336676b9b4.jpg,Bowl
TRAIN,gs://image_bucket_bdcc_1/197ebf00b7231853.jpg,Bowl
TRAIN,gs://image_bucket_bdcc_1/1c5f8abde16868f6.jpg,Bowl
TRAIN,gs://image_bucket_bdcc_1/224af9051297c6a0.jpg,Bowl
TRAIN,gs://image_bucket_bdcc_1/239d60ab92280542.jpg,Bowl
TRAIN,gs://image_bucket_bdcc_1/24dc4595b1b03f84.jpg,Bowl
TRAIN,gs://image_bucket_bdcc_1/27266488d4ea4203.jpg,Bowl
TRAIN,gs://image_bucket_bdcc_1/283c1b234fb2cf16.jpg,Bowl
TRAIN,gs://image_bucket_bdcc_1/29ea268a5b3dcb1c.jpg,Bowl
TRAIN,gs://image_bucket_bdcc_1/2aadcd1a46420823.jpg,Bowl
TRAIN,gs://image_bucket_bdcc_1/2ae5575f39119c7d.jpg,Bowl
TRAIN,gs://image_bucket_bdcc_1/314beb420046d7ac.jpg,Bowl
TRAIN,gs://image_bucket_bdcc_1/322c62a76ee4021a.jpg,Bowl
TRAIN,gs://image_bucket_bdcc_1/32cebad428009a99.jpg,Bowl
TRAIN,gs://image_bucket_bdcc_1/35847a40cdf07a7b.jpg,Bowl
TRAIN,gs://image_bucket_bdcc_1/375780c2cc630038.jpg,Bowl
TRAIN,gs://image_bucket_bdcc_1/3bf6cf4f524e67e9.jpg,Bowl
TRAIN,gs://image_bucket_bdcc_1/3d9caeab1ec3876a.jpg,Bowl
TRAIN,gs://image_bucket_bdcc_1/3e97457907892103.jpg,Bowl
TRAIN,gs://image_bucket_bdcc_1/400b8e6960a67be0.jpg,Bowl
TRAIN,gs://image_bucket_bdcc_1/4153a82ab8af9ba1.jpg,Bowl
TRAIN,gs://image_bucket_bdcc_1/41d4bdc67ce4d1c6.jpg,Bowl
TRAIN,gs://image_bucket_bdcc_1/440460bcbdfe4fa2.jpg,Bowl
TRAIN,gs://image_bucket_bdcc_1/44eaa4c39b59facd.jpg,Bowl
TRAIN,gs://image_bucket_bdcc_1/46f5b1441c2e780c.jpg,Bowl
TRAIN,gs://image_bucket_bdcc_1/46f71098842bce08.jpg,Bowl
TRAIN,gs://image_bucket_bdcc_1/48cfced96d65d21d.jpg,Bowl
TRAIN,gs://image_bucket_bdcc_1/491e4bc9a8444f89.jpg,Bowl
TRAIN,gs://image_bucket_bdcc_1/4a0781de068c8ac6.jpg,Bowl
TRAIN,gs://image_bucket_bdcc_1/4b0470fce88d4d67.jpg,Bowl
TRAIN,gs://image_bucket_bdcc_1/4bf89680b62f81d6.jpg,Bowl
TRAIN,gs://image_bucket_bdcc_1/4cb9ce10bca1ed2f.jpg,Bowl
TRAIN,gs://image_bucket_bdcc_1/4d78cffd3eae5c17.jpg,Bowl
TRAIN,gs://image_bucket_bdcc_1/4ff951b9b816cbe6.jpg,Bowl
TRAIN,gs://image_bucket_bdcc_1/527c5821fba5ac98.jpg,Bowl
TRAIN,gs://image_bucket_bdcc_1/5500c021375abb01.jpg,Bowl
TRAIN,gs://image_bucket_bdcc_1/59b246627687b5b6.jpg,Bowl
TRAIN,gs://image_bucket_bdcc_1/5a1df4bfe299ede7.jpg,Bowl
TRAIN,gs://image_bucket_bdcc_1/5dab54ac22b49c1b.jpg,Bowl
TRAIN,gs://image_bucket_bdcc_1/617337b5e511836b.jpg,Bowl
TRAIN,gs://image_bucket_bdcc_1/65892cd9e4f9852b.jpg,Bowl
TRAIN,gs://image_bucket_bdcc_1/6748701b7c7a38c8.jpg,Bowl
TRAIN,gs://image_bucket_bdcc_1/6755e2dbbd4e3b8c.jpg,Bowl
TRAIN,gs://image_bucket_bdcc_1/68c2b7fa454da837.jpg,Bowl
TRAIN,gs://image_bucket_bdcc_1/6c985115d83cd31a.jpg,Bowl
TRAIN,gs://image_bucket_bdcc_1/6ed0eff982023357.jpg,Bowl
TRAIN,gs://image_bucket_bdcc_1/6fcf333638a40037.jpg,Bowl
TRAIN,gs://image_bucket_bdcc_1/701d9f182fd8b979.jpg,Bowl
TRAIN,gs://image_bucket_bdcc_1/71b37115872dac1a.jpg,Bowl
TRAIN,gs://image_bucket_bdcc_1/71b8f5807d60acac.jpg,Bowl
TRAIN,gs://image_bucket_bdcc_1/7375808ec9ceca08.jpg,Bowl
TRAIN,gs://image_bucket_bdcc_1/75d2baa7c0d65ea4.jpg,Bowl
TRAIN,gs://image_bucket_bdcc_1/7921321a0fa2edf9.jpg,Bowl
TRAIN,gs://image_bucket_bdcc_1/8223e3dec9802fe7.jpg,Bowl
TRAIN,gs://image_bucket_bdcc_1/8400c5a8dc2d90da.jpg,Bowl
TRAIN,gs://image_bucket_bdcc_1/8617ee23a54b6b9f.jpg,Bowl
TRAIN,gs://image_bucket_bdcc_1/8671f8dab575679b.jpg,Bowl
TRAIN,gs://image_bucket_bdcc_1/8798b7923c81af8f.jpg,Bowl
TRAIN,gs://image_bucket_bdcc_1/89969e370456175e.jpg,Bowl
TRAIN,gs://image_bucket_bdcc_1/8b3e222235dfdb48.jpg,Bowl
TRAIN,gs://image_bucket_bdcc_1/8c6d95c84d6bd33a.jpg,Bowl
TRAIN,gs://image_bucket_bdcc_1/8e9fb0bc4b2ad9b9.jpg,Bowl
TRAIN,gs://image_bucket_bdcc_1/91adf3f75d25d7ba.jpg,Bowl
TRAIN,gs://image_bucket_bdcc_1/958db65f66dd29ea.jpg,Bowl
TRAIN,gs://image_bucket_bdcc_1/9718710455a3aa85.jpg,Bowl
TRAIN,gs://image_bucket_bdcc_1/972f7e0829f582b5.jpg,Bowl
TRAIN,gs://image_bucket_bdcc_1/974c239614aeb406.jpg,Bowl
VALIDATION,gs://image_bucket_bdcc_1/9b133468e850a8f8.jpg,Bowl
VALIDATION,gs://image_bucket_bdcc_1/9ba36a0c733a06d8.jpg,Bowl
VALIDATION,gs://image_bucket_bdcc_1/9bfcde1014f2a9e6.jpg,Bowl
VALIDATION,gs://image_bucket_bdcc_1/9fab37c451471955.jpg,Bowl
VALIDATION,gs://image_bucket_bdcc_1/a07732d52358d2ad.jpg,Bowl
VALIDATION,gs://image_bucket_bdcc_1/a1073a35b105fe05.jpg,Bowl
VALIDATION,gs://image_bucket_bdcc_1/a117028b816da528.jpg,Bowl
VALIDATION,gs://image_bucket_bdcc_1/a29e85514998dff0.jpg,Bowl
VALIDATION,gs://image_bucket_bdcc_1/a2da9215e6d732c8.jpg,Bowl
VALIDATION,gs://image_bucket_bdcc_1/a3253aa99950ba9a.jpg,Bowl
TEST,gs://image_bucket_bdcc_1/a590f096f8002c41.jpg,Bowl
TEST,gs://image_bucket_bdcc_1/a6082ca51b04f83d.jpg,Bowl
TEST,gs://image_bucket_bdcc_1/a6abbe6e0eca9a68.jpg,Bowl
TEST,gs://image_bucket_bdcc_1/a87aca1e7cedbff6.jpg,Bowl
TEST,gs://image_bucket_bdcc_1/ab040701c5a3bd27.jpg,Bowl
TEST,gs://image_bucket_bdcc_1/ad26a68fa6e2dea7.jpg,Bowl
TEST,gs://image_bucket_bdcc_1/b1be9647c4d0fc7b.jpg,Bowl
TEST,gs://image_bucket_bdcc_1/b31560dc6888e3d9.jpg,Bowl
TEST,gs://image_bucket_bdcc_1/b38aa4f660157710.jpg,Bowl
TEST,gs://image_bucket_bdcc_1/b54b3a2a37d31da9.jpg,Bowl
TRAIN,gs://image_bucket_bdcc_1/001dd90fc5ae92c9.jpg,Apple
TRAIN,gs://image_bucket_bdcc_1/03ccabc3fbd3bb15.jpg,Apple
TRAIN,gs://image_bucket_bdcc_1/065cfe7c1f112dbf.jpg,Apple
TRAIN,gs://image_bucket_bdcc_1/08d2eed131f4b5d9.jpg,Apple
TRAIN,gs://image_bucket_bdcc_1/096ca56a5c51f6d6.jpg,Apple
TRAIN,gs://image_bucket_bdcc_1/0da61cd490c57814.jpg,Apple
TRAIN,gs://image_bucket_bdcc_1/10628bb9eeafafbb.jpg,Apple
TRAIN,gs://image_bucket_bdcc_1/1124df73ba9c7557.jpg,Apple
TRAIN,gs://image_bucket_bdcc_1/123c5bfc13f1c62d.jpg,Apple
TRAIN,gs://image_bucket_bdcc_1/12cb37e374e3aee7.jpg,Apple
TRAIN,gs://image_bucket_bdcc_1/12fb96c87a65c542.jpg,Apple
TRAIN,gs://image_bucket_bdcc_1/13628bbfec1fe2c3.jpg,Apple
TRAIN,gs://image_bucket_bdcc_1/13c317f605023811.jpg,Apple
TRAIN,gs://image_bucket_bdcc_1/14a15a80b628f709.jpg,Apple
TRAIN,gs://image_bucket_bdcc_1/1544ceba214932cb.jpg,Apple
TRAIN,gs://image_bucket_bdcc_1/1843a54af7b109e3.jpg,Apple
TRAIN,gs://image_bucket_bdcc_1/1a30ad94ee250562.jpg,Apple
TRAIN,gs://image_bucket_bdcc_1/1aec902b1a6e3dc2.jpg,Apple
TRAIN,gs://image_bucket_bdcc_1/1b8b2f1fc532cc6d.jpg,Apple
TRAIN,gs://image_bucket_bdcc_1/1dcf7908c7b0db7c.jpg,Apple
TRAIN,gs://image_bucket_bdcc_1/1f18f7093bba01cd.jpg,Apple
TRAIN,gs://image_bucket_bdcc_1/21824a91ec537703.jpg,Apple
TRAIN,gs://image_bucket_bdcc_1/24a7d30dc785da1d.jpg,Apple
TRAIN,gs://image_bucket_bdcc_1/268675cedf27742e.jpg,Apple
TRAIN,gs://image_bucket_bdcc_1/271c873c73743121.jpg,Apple
TRAIN,gs://image_bucket_bdcc_1/2a2309bf6039917b.jpg,Apple
TRAIN,gs://image_bucket_bdcc_1/2b748f85a4fe0eb3.jpg,Apple
TRAIN,gs://image_bucket_bdcc_1/2c20a376048c4ea5.jpg,Apple
TRAIN,gs://image_bucket_bdcc_1/2cb9c8efddb5e42f.jpg,Apple
TRAIN,gs://image_bucket_bdcc_1/2ec0a7d75406b894.jpg,Apple
TRAIN,gs://image_bucket_bdcc_1/2f7a596e42ad0bbc.jpg,Apple
TRAIN,gs://image_bucket_bdcc_1/312102edb58e3cbd.jpg,Apple
TRAIN,gs://image_bucket_bdcc_1/335f368dee9f4943.jpg,Apple
TRAIN,gs://image_bucket_bdcc_1/368b586beec4c1a4.jpg,Apple
TRAIN,gs://image_bucket_bdcc_1/38ad44fc3223245e.jpg,Apple
TRAIN,gs://image_bucket_bdcc_1/3ae432176001fcca.jpg,Apple
TRAIN,gs://image_bucket_bdcc_1/3c02f16f6567141c.jpg,Apple
TRAIN,gs://image_bucket_bdcc_1/3c32f587f2c8cfae.jpg,Apple
TRAIN,gs://image_bucket_bdcc_1/3ee1b0da78f43975.jpg,Apple
TRAIN,gs://image_bucket_bdcc_1/40c73b1bdcf351ed.jpg,Apple
TRAIN,gs://image_bucket_bdcc_1/410690d34ff17eb4.jpg,Apple
TRAIN,gs://image_bucket_bdcc_1/4119f258b3d0c39e.jpg,Apple
TRAIN,gs://image_bucket_bdcc_1/4191193b13f43ec9.jpg,Apple
TRAIN,gs://image_bucket_bdcc_1/44749496c016708d.jpg,Apple
TRAIN,gs://image_bucket_bdcc_1/489785870d3d99fd.jpg,Apple
TRAIN,gs://image_bucket_bdcc_1/48c64de65f175030.jpg,Apple
TRAIN,gs://image_bucket_bdcc_1/4a1d38b90f2b8c95.jpg,Apple
TRAIN,gs://image_bucket_bdcc_1/4b51aad1fe82be44.jpg,Apple
TRAIN,gs://image_bucket_bdcc_1/4c408d33c4d1f65e.jpg,Apple
TRAIN,gs://image_bucket_bdcc_1/4cb6c76e449a3675.jpg,Apple
TRAIN,gs://image_bucket_bdcc_1/4f9d3f3c5799a974.jpg,Apple
TRAIN,gs://image_bucket_bdcc_1/504eaba8aead7bd8.jpg,Apple
TRAIN,gs://image_bucket_bdcc_1/540086171975bca2.jpg,Apple
TRAIN,gs://image_bucket_bdcc_1/540c5536e95a3282.jpg,Apple
TRAIN,gs://image_bucket_bdcc_1/54da4e8f150739d6.jpg,Apple
TRAIN,gs://image_bucket_bdcc_1/57783c2ab99d0ede.jpg,Apple
TRAIN,gs://image_bucket_bdcc_1/580308b950c6d0eb.jpg,Apple
TRAIN,gs://image_bucket_bdcc_1/592180124eb246e1.jpg,Apple
TRAIN,gs://image_bucket_bdcc_1/597f27f1d0bb088a.jpg,Apple
TRAIN,gs://image_bucket_bdcc_1/5bed6fc231e0168f.jpg,Apple
TRAIN,gs://image_bucket_bdcc_1/5c9223a2cf0c8536.jpg,Apple
TRAIN,gs://image_bucket_bdcc_1/60e323b9155aeab8.jpg,Apple
TRAIN,gs://image_bucket_bdcc_1/6210a76fd0d0965d.jpg,Apple
TRAIN,gs://image_bucket_bdcc_1/62d100326bad961a.jpg,Apple
TRAIN,gs://image_bucket_bdcc_1/639d975913a1aa8c.jpg,Apple
TRAIN,gs://image_bucket_bdcc_1/63e3f21bf59b88d8.jpg,Apple
TRAIN,gs://image_bucket_bdcc_1/64afa7b88dc8b6ab.jpg,Apple
TRAIN,gs://image_bucket_bdcc_1/6a17e12968e4d822.jpg,Apple
TRAIN,gs://image_bucket_bdcc_1/6c33f0ce6183e74a.jpg,Apple
TRAIN,gs://image_bucket_bdcc_1/6db9e48832dcd770.jpg,Apple
TRAIN,gs://image_bucket_bdcc_1/6e3b69ea7f539ba7.jpg,Apple
TRAIN,gs://image_bucket_bdcc_1/6f1f794c23e34a75.jpg,Apple
TRAIN,gs://image_bucket_bdcc_1/710268be8c67d232.jpg,Apple
TRAIN,gs://image_bucket_bdcc_1/736ed0a3406af6c7.jpg,Apple
TRAIN,gs://image_bucket_bdcc_1/739da9eb562b910c.jpg,Apple
TRAIN,gs://image_bucket_bdcc_1/73c9dc4837915366.jpg,Apple
TRAIN,gs://image_bucket_bdcc_1/75bf4fe9b26565e9.jpg,Apple
TRAIN,gs://image_bucket_bdcc_1/7c5c73943bb31a57.jpg,Apple
TRAIN,gs://image_bucket_bdcc_1/7c9c7d314498fc0e.jpg,Apple
TRAIN,gs://image_bucket_bdcc_1/7ec0563820191541.jpg,Apple
VALIDATION,gs://image_bucket_bdcc_1/7f015366e5da07a6.jpg,Apple
VALIDATION,gs://image_bucket_bdcc_1/7f5a30978d018d2f.jpg,Apple
VALIDATION,gs://image_bucket_bdcc_1/805623aa1cf3670c.jpg,Apple
VALIDATION,gs://image_bucket_bdcc_1/81cad76cc1e6950b.jpg,Apple
VALIDATION,gs://image_bucket_bdcc_1/81f670d32c59bdd9.jpg,Apple
VALIDATION,gs://image_bucket_bdcc_1/86cb54fdd7a6e20b.jpg,Apple
VALIDATION,gs://image_bucket_bdcc_1/87eb61aff5425f3e.jpg,Apple
VALIDATION,gs://image_bucket_bdcc_1/89fe933a24a773ce.jpg,Apple
VALIDATION,gs://image_bucket_bdcc_1/8b072310e73add00.jpg,Apple
VALIDATION,gs://image_bucket_bdcc_1/8b8e4fd1f51c249d.jpg,Apple
TEST,gs://image_bucket_bdcc_1/8c7af225915277bb.jpg,Apple
TEST,gs://image_bucket_bdcc_1/8d5458750088a345.jpg,Apple
TEST,gs://image_bucket_bdcc_1/8fa79acb97f1b7bb.jpg,Apple
TEST,gs://image_bucket_bdcc_1/8fc762236776e0ca.jpg,Apple
TEST,gs://image_bucket_bdcc_1/90cca5b0354cd6ec.jpg,Apple
TEST,gs://image_bucket_bdcc_1/93b8c2d62b4e602c.jpg,Apple
TEST,gs://image_bucket_bdcc_1/964b69442edeec04.jpg,Apple
TEST,gs://image_bucket_bdcc_1/96dc858fc4e47379.jpg,Apple
TEST,gs://image_bucket_bdcc_1/9711141e8b25c880.jpg,Apple
TEST,gs://image_bucket_bdcc_1/9737ccbf5f908064.jpg,Apple
